<textcomponents>

<!-- slide 1 -->
<component id='ID_s1_title'>
	<text><![CDATA[<b>Activity - Determine the Permit or Deny</b>]]></text>
</component>

<component id='ID_s1_inst_title'>
	<text><![CDATA[Instructions]]></text>
</component>
<component id='ID_s1_inst_body'>
	<text><![CDATA[Scenario 1: Determine the Permit or Deny<br>Drag the permit or deny result from comparing each ACL statement as it applies to the comparison address provided. After checking your answers proceed to scenario 2.]]></text>
</component>

<component id='ID_s1_header01'>
	<text><![CDATA[ACL Statement]]></text>
</component>

<component id='ID_s1_header02'>
	<text><![CDATA[Comparison Address]]></text>
</component>

<component id='ID_s1_header03'>
	<text><![CDATA[Permit or Deny]]></text>
</component>

<component id='ID_s1_col01_row01'>
	<text><![CDATA[access-list 50 permit 192.168.122.128 0.0.0.63]]></text>
</component>

<component id='ID_s1_col01_row02'>
	<text><![CDATA[access-list 20 permit 192.168.223.64 0.0.0.15]]></text>
</component>

<component id='ID_s1_col01_row03'>
	<text><![CDATA[access-list 30 permit 192.168.223.32 0.0.0.31]]></text>
</component>

<component id='ID_s1_col01_row04'>
	<text><![CDATA[access-list 1 permit 192.168.155.0 0.0.0.255]]></text>
</component>

<component id='ID_s1_col01_row05'>
	<text><![CDATA[access-list 33 permit 198.51.100.58 0.0.0.63]]></text>
</component>

<component id='ID_s1_col01_row06'>
	<text><![CDATA[access-list 21 permit 192.0.2.11 0.0.0.15]]></text>
</component>

<component id='ID_s1_col01_row07'>
	<text><![CDATA[access-list 50 permit 192.168.155.0 0.0.0.255]]></text>
</component>

<component id='ID_s1_col02_row01'>
	<text><![CDATA[192.168.122.195]]></text>
</component>

<component id='ID_s1_col02_row02'>
	<text><![CDATA[192.168.223.72]]></text>
</component>

<component id='ID_s1_col02_row03'>
	<text><![CDATA[192.168.223.60]]></text>
</component>

<component id='ID_s1_col02_row04'>
	<text><![CDATA[192.168.155.245]]></text>
</component>

<component id='ID_s1_col02_row05'>
	<text><![CDATA[198.51.100.3]]></text>
</component>

<component id='ID_s1_col02_row06'>
	<text><![CDATA[192.0.2.17]]></text>
</component>

<component id='ID_s1_col02_row07'>
	<text><![CDATA[192.168.156.245]]></text>
</component>

<!--Drag and Drop -->
<component id='ID_s1_permit_DS'>
	<text><![CDATA[Permit]]></text>
</component>

<component id='ID_s1_deny_DS'>
	<text><![CDATA[Deny]]></text>
</component>

<component id='ID_s1_CORRECT_TITLE'>
	<text><![CDATA[Correct]]></text>
</component>


<component id='ID_s1_CORRECT_BODY'>
	<text><![CDATA[You have successfully identified the result of the access list statements on a comparison address. Click Button 2 to continue this activity.]]></text>
</component>

<component id='ID_s1_INCORRECT_TITLE'>
	<text><![CDATA[Incorrect]]></text>
</component>

<component id='ID_s1_INCORRECT_BODY'>
	<text><![CDATA[You have not successfully identified the result of the access list statements on a comparison address. Please click Reset to try again.]]></text>
</component>

<component id='ID_s1_CHECK'>
	<text><![CDATA[Check]]></text>
</component>

<component id='ID_s1_RESET'>
	<text><![CDATA[Reset]]></text>
</component>


<!-- slide 2 -->
<component id='ID_s2_title'>
	<text><![CDATA[<b>Activity - Determine the Permit or Deny</b>]]></text>
</component>
<component id='ID_s2_inst_title'>
	<text><![CDATA[Instructions]]></text>
</component>
<component id='ID_s2_inst_body'>
	<text><![CDATA[Scenario 2: Determine the Permit or Deny<br>Drag the permit or deny result from comparing each ACL statement as it applies to the comparison address provided. Check your answers.]]></text>
</component>

<component id='ID_s2_header01'>
	<text><![CDATA[ACL Statement]]></text>
</component>

<component id='ID_s2_header02'>
	<text><![CDATA[Comparison Address]]></text>
</component>

<component id='ID_s2_header03'>
	<text><![CDATA[Permit or Deny]]></text>
</component>

<component id='ID_s2_col01_row01'>
	<text><![CDATA[access-list 66 permit 172.16.0.0 0.0.255.255]]></text>
</component>

<component id='ID_s2_col01_row02'>
	<text><![CDATA[access-list 65 permit 172.16.1.1 0.0.0.0]]></text>
</component>

<component id='ID_s2_col01_row03'>
	<text><![CDATA[access-list 55 permit 192.168.15.0 0.0.0.3]]></text>
</component>

<component id='ID_s2_col01_row04'>
	<text><![CDATA[access-list 16 permit 201.201.100.0 0.0.0.255]]></text>
</component>

<component id='ID_s2_col01_row05'>
	<text><![CDATA[access-list 18 permit 10.10.10.0 0.0.0.63]]></text>
</component>

<component id='ID_s2_col01_row06'>
	<text><![CDATA[access-list 60 permit 10.10.0.0 0.0.255.255]]></text>
</component>

<component id='ID_s2_col01_row07'>
	<text><![CDATA[access-list 25 permit 172.18.5.0 0.0.0.255]]></text>
</component>

<component id='ID_s2_col02_row01'>
	<text><![CDATA[172.17.0.5]]></text>
</component>

<component id='ID_s2_col02_row02'>
	<text><![CDATA[172.16.1.1]]></text>
</component>

<component id='ID_s2_col02_row03'>
	<text><![CDATA[192.168.15.5]]></text>
</component>

<component id='ID_s2_col02_row04'>
	<text><![CDATA[201.201.100.33]]></text>
</component>

<component id='ID_s2_col02_row05'>
	<text><![CDATA[10.10.10.50]]></text>
</component>

<component id='ID_s2_col02_row06'>
	<text><![CDATA[10.10.33.33]]></text>
</component>

<component id='ID_s2_col02_row07'>
	<text><![CDATA[172.18.6.20]]></text>
</component>

<!--Drag and Drop -->
<component id='ID_s2_permit_DS'>
	<text><![CDATA[Permit]]></text>
</component>

<component id='ID_s2_deny_DS'>
	<text><![CDATA[Deny]]></text>
</component>

<component id='ID_s2_CORRECT_TITLE'>
	<text><![CDATA[Correct]]></text>
</component>

<component id='ID_s2_CORRECT_BODY'>
	<text><![CDATA[You have successfully identified the result of the access list statements on a comparison address.]]></text>
</component>

<component id='ID_s2_INCORRECT_TITLE'>
	<text><![CDATA[Incorrect]]></text>
</component>

<component id='ID_s2_INCORRECT_BODY'>
	<text><![CDATA[You have not successfully identified the result of the access list statements on a comparison address. Please click Reset to try again.]]></text>
</component>

<component id='ID_s2_CHECK'>
	<text><![CDATA[Check]]></text>
</component>

<component id='ID_s2_RESET'>
	<text><![CDATA[Reset]]></text>
</component>



</textcomponents>

