<?xml version="1.0" encoding="iso-8859-1"?>
<data>
	<slide>
		<element type="IMAGE" x="0" y="0" width="680" height="490" src="../../../common/images/page_backgrounds/bg_tables.jpg" />
<element type="ROUTER" textId="ID_router_txt1" x="40" y="124.3" width="600" height="180" />
<text id="ID_router_txt1">
<![CDATA[<pre>Switch# dir flash:
Directory of flash:/

   2 -rwx  11607161  Mar 1  2013  03:10:47  +00:00  c2960-lanbasek9-mz.150-2.SE.bin
   3 -rwx      1809  Mar 1  2013  00:02:48  +00:00  config.text
   5 -rwx      1919  Mar 1  2013  00:02:48  +00:00  private-config.text
   6 -rwx     59416  Mar 1  2013  00:02:49  +00:00  multiple-fs

32514048 bytes total (20841472 bytes free)
Switch#</pre>]]>
</text>
<element type="TEXT" subType="TITLE" compId="ID_title" color="#ffffff"/>
</slide>
</data>