<textcomponents>
<component id="ID_title">
  <text><![CDATA[<b>What Is an ACL?</b>]]></text> 
</component>
<component id="ID_txt01">
<text><![CDATA[Allow Incoming Email<br/>Deny Incoming Telnet]]></text>
</component>
<component id="ID_txt02">
  <text><![CDATA[Internet]]></text> 
  </component>
<component id="ID_txt03">
  <text><![CDATA[Deny video to S1<br/>Deny access to S2 for S1]]></text> 
</component>
<component id="ID_txt04">
  <text><![CDATA[Deny HR access]]></text> 
</component>
<component id="ID_txt05">
  <text><![CDATA[HR Subnet<br/>172.17.0.0/20]]></text> 
</component>
<component id="ID_txt06">
  <text><![CDATA[Deny updates<br/>Deny FTP<br/>Deny web]]></text> 
</component>



<component id="ID_acl_txt01">
  <text><![CDATA[ACL]]></text> 
</component>
<component id="ID_acl_txt02">
  <text><![CDATA[ACL]]></text> 
</component>
<component id="ID_acl_txt03">
  <text><![CDATA[ACL]]></text> 
</component>
<component id="ID_acl_txt04">
  <text><![CDATA[ACL]]></text> 
</component>

</textcomponents>



