<?xml version="1.0" encoding="iso-8859-1"?>
<data>
	<slide type="MBAR">
		
		<element type="IMAGE" x="0" y="0" width="680" height="490" src="../../../common/images/page_backgrounds/bg_photo.jpg" />
<slide>
<element type="TEXT" subType="TITLE" compId="ID_s1_title"/>
<element type="IMAGE" x="66" y="75" width="548" height="295" subType="STD" src="5_2_1_1_A.jpg" />
</slide>



<slide>
<element type="TEXT" subType="TITLE" compId="ID_s2_title"/>
<element type="IMAGE" x="73" y="55" width="534" height="406" subType="STD" src="5_2_1_1_B.jpg" />
</slide>



<slide>
<element type="TEXT" subType="TITLE" compId="ID_s3_title"/>
<element type="IMAGE" x="66" y="75" width="548" height="295" subType="STD" src="5_2_1_1_C.jpg" />
</slide>



<slide>
<element type="TEXT" subType="TITLE" compId="ID_s4_title"/>
<element type="IMAGE" x="71" y="55" width="538" height="410" subType="STD" src="5_2_1_1_D.jpg" />
</slide>



<slide>
<element type="IMAGE" x="0" y="0" width="680" height="490" src="../../../common/images/page_backgrounds/bg_tables.jpg" />
<element type="ROUTER" textId="ID_router_txt1" x="40" y="154.5" width="600" height="108" />

<element type="TEXT" compId="ID_s5_txt01" x="47" y="209" width="391" expand="right" align="left" color="#ffffff" />
</slide>
<text id="ID_router_txt1">
       <![CDATA[<pre>S1> show version
Cisco IOS Software, C2960 Software (C2960-LANBASE<span id="ID_static">K9</span>-M),
Version 15.0(2)SE, RELEASE SOFTWARE (fc1)
</pre>]]></text>
</slide>

</data>