<textcomponents>
	<!--Slide 1-->
	<component id="ID_s1_title">
		<text><![CDATA[<b>Configure Duplex and Speed</b>]]></text>
	</component>
	<component id="ID_s1_txt01">
		<text><![CDATA[Full-Duplex Mode<br/>100 Mb/s]]></text>
	</component>
	<component id="ID_s1_txt02">
		<text><![CDATA[Full-Duplex Mode<br/>100 Mb/s]]></text>
	</component>
	<component id="ID_s1_table01">
		<text><![CDATA[<table header='none' bordercolor='#FFFFFF' borderwidth='3' shadow='false' shadowcolor='#000000' glow='true' glowcolor='#808080' cellpadding='4' class="mtable">
	

	<tr>
	 <td bgcolor='#FFFFFF' colspan='2' class="title"><font size='12' color='#393536'><b>Cisco Switch IOS Commands</b></font></td>
	</tr>
	<tr>
		<td colspan='2' bgcolor='#4E4C4D' class="mtable_top"><font size='1' color='#4E4C4D'><span style="color:#4E4C4D">.</span></font></td>
	</tr>
		<tr>
		<td bgcolor='#E9E7E8' width="298"><font color='#393536' size="11" class="font11px">Enter global configuration mode.</font></td>
		<td bgcolor='#E9E7E8' width="298"><font face="_typewriter" color="#000000" color='#393536' size="11" class="font11px">S1# <b>configure terminal</b></font></td>
	</tr>
	<tr>
		<td bgcolor='#F2F2F2' width="298"><font color='#393536' size="11" class="font11px">Enter interface configuration mode.</font></td>
		<td bgcolor='#F2F2F2' width="298"><font face="_typewriter" color="#000000" color='#393536' size="11" class="font11px">S1(config)# <b>interface FastEthernet 0/1</b></font></td>
	</tr>
	<tr>
		<td bgcolor='#E9E7E8' width="298"><font color='#393536' size="11" class="font11px">Configure the interface duplex.</font></td>
		<td bgcolor='#E9E7E8'width="298"><font face="_typewriter" color="#000000" color='#393536' size="11" class="font11px">S1(config-if)# <b>duplex full</b></font></td>
	</tr>
	<tr>
		<td bgcolor='#F2F2F2' width="298"><font color='#393536' size="11" class="font11px">Configure the interface speed.</font></td>
		<td bgcolor='#F2F2F2'width="298"><font face="_typewriter" color="#000000" color='#393536' size="11" class="font11px">S1(config-if)# <b>speed 100</b></font></td>
	</tr>
	<tr>
		<td bgcolor='#E9E7E8' width="298"><font color='#393536' size="11" class="font11px">Return to the privileged EXEC mode.</font></td>
		<td bgcolor='#E9E7E8' width="298"><font face="_typewriter" color="#000000" color='#393536' size="11" class="font11px">S1(config-if)# <b>end</b></font></td>
	</tr>
	<tr>
		<td bgcolor='#F2F2F2' width="298"><font color='#393536' size="11" class="font11px">Save the running config to the startup config.</font></td>
		<td bgcolor='#F2F2F2' width="298"><font face="_typewriter" color="#000000" color='#393536' size="11" class="font11px">S1# <b>copy running-config startup-config</b></font></td>
	</tr>
	</table>]]></text>
	</component>

    <component id="ID_s1_table01_html">
		<text><![CDATA[<table header='none' bordercolor='#FFFFFF' borderwidth='3' shadow='false' shadowcolor='#000000' glow='true' glowcolor='#808080' cellpadding='4' class="mtable">
	
	<caption  class="mtable_title" colspan="2" bgcolor='#FFFFFF'>
               <font size="15"><b>Cisco Switch IOS Commands</b></font>
           </caption>

	
	<tr>
		<td colspan='2' bgcolor='#4E4C4D' class="mtable_top"><font size='1' color='#4E4C4D'><span style="color:#4E4C4D">.</span></font></td>
	</tr>
		<tr>
		<td bgcolor='#E9E7E8' width="298"><font color='#393536' size="11" class="font11px">Enter global configuration mode.</font></td>
		<td bgcolor='#E9E7E8' width="298"><font face="_typewriter" color="#000000" color='#393536' size="11" class="font11px">S1# <b>configure terminal</b></font></td>
	</tr>
	<tr>
		<td bgcolor='#F2F2F2' width="298"><font color='#393536' size="11" class="font11px">Enter interface configuration mode.</font></td>
		<td bgcolor='#F2F2F2' width="298"><font face="_typewriter" color="#000000" color='#393536' size="11" class="font11px">S1(config)# <b>interface FastEthernet 0/1</b></font></td>
	</tr>
	<tr>
		<td bgcolor='#E9E7E8' width="298"><font color='#393536' size="11" class="font11px">Configure the interface duplex.</font></td>
		<td bgcolor='#E9E7E8'width="298"><font face="_typewriter" color="#000000" color='#393536' size="11" class="font11px">S1(config-if)# <b>duplex full</b></font></td>
	</tr>
	<tr>
		<td bgcolor='#F2F2F2' width="298"><font color='#393536' size="11" class="font11px">Configure the interface speed.</font></td>
		<td bgcolor='#F2F2F2'width="298"><font face="_typewriter" color="#000000" color='#393536' size="11" class="font11px">S1(config-if)# <b>speed 100</b></font></td>
	</tr>
	<tr>
		<td bgcolor='#E9E7E8' width="298"><font color='#393536' size="11" class="font11px">Return to the privileged EXEC mode.</font></td>
		<td bgcolor='#E9E7E8' width="298"><font face="_typewriter" color="#000000" color='#393536' size="11" class="font11px">S1(config-if)# <b>end</b></font></td>
	</tr>
	<tr>
		<td bgcolor='#F2F2F2' width="298"><font color='#393536' size="11" class="font11px">Save the running config to the startup config.</font></td>
		<td bgcolor='#F2F2F2' width="298"><font face="_typewriter" color="#000000" color='#393536' size="11" class="font11px">S1# <b>copy running-config startup-config</b></font></td>
	</tr>
	</table>]]></text>
	</component>


	<component id="ID_sc_reset">
		<text><![CDATA[Reset]]></text>
	</component>
	<component id="ID_sc_showme">
		<text><![CDATA[Show Me]]></text>
	</component>
	<component id="ID_sc_showall">
		<text><![CDATA[Show All]]></text>
	</component>
	<!--Slide 2-->
	<component id="ID_s2_title">
		<text><![CDATA[<b></b>]]></text>
	</component>
	<component id="ID_s2_SC01" fontSize="12" fontFace="_typewriter" fontColor="#ffffff">
		<feedback id="fb"><![CDATA[<b><font face="_sans" color="#FFFFFF">***You must enter the exact and full command. Commands that include a name or password are case-sensitive.***</font></b>
	]]></feedback>
		<existingcommands><![CDATA[<font face="_sans"><b>Enter configuration mode and set FastEthernet0/1 duplex to full and speed 100.</b></font>]]></existingcommands>
		<command prompt="S1#">
			<correctresponse><![CDATA[configure terminal]]></correctresponse>
			<deviceresponse><![CDATA[Enter configuration commands, one per line.  End with CNTL/Z.]]></deviceresponse>
		</command>
		<command prompt="S1(config)#">
			<correctresponse><![CDATA[interface FastEthernet0/1]]></correctresponse>
		</command>
		<command prompt="S1(config-if)#">
			<correctresponse><![CDATA[duplex full]]></correctresponse>
		</command>
		<command prompt="S1(config-if)#">
			<correctresponse><![CDATA[speed 100]]></correctresponse>
			<instruction><![CDATA[<font face="_sans"><b>End out of configuration mode and save the configuration to NVRAM.</b></font>]]></instruction>
		</command>
		<command prompt="S1(config-if)#">
			<correctresponse><![CDATA[end]]></correctresponse>
			<deviceresponse><![CDATA[S1#<br>%SYS-5-CONFIG_I: Configured from console by console]]></deviceresponse>
		</command>
		<command prompt="S1#">
			<correctresponse><![CDATA[copy running-config startup-config]]></correctresponse>
			<instruction><![CDATA[<font face="_sans"><b>You successfully configured the switch port duplex and speed settings.</b></font>]]></instruction>
		</command>
		<command prompt=""/>
	</component>
</textcomponents>
