<?xml version="1.0" encoding="iso-8859-1"?>
<data>
	<slide type="MBAR">
		<slide>
<element type="IMAGE" x="0" y="0" width="680" height="490" src="../../../common/images/page_backgrounds/bg_topolgy_multislide.jpg" />
<element type="IMAGE" x="0" y="0" width="680" height="490"  src="media_5.1.2.2.png" />
<element type="TEXT" compId="ID_s1_table01_html" x="40" y="201" width="600" height="200" />
<element type="TEXT" id="ID_static_1" text="F0/18" x="207" y="94" align="center" width="30" />
<element type="TEXT" id="ID_static_2" text="F0/1" x="299" y="94" align="center" width="22" />
<element type="TEXT" id="ID_static_3" text="F0/1" x="356" y="94" align="center" width="22" />
<element type="TEXT" compId="ID_s1_txt01" x="157" y="133" width="130" expand="down" align="left" class="orangeCallOut" />
<element type="TEXT" compId="ID_s1_txt02" x="391" y="133" width="130" expand="down" align="left" class="orangeCallOut" />
<element type="TEXT" subType="TITLE" compId="ID_s1_title"/>
</slide>



<slide>
<element type="IMAGE" x="0" y="0" width="680" height="490" src="../../../common/images/page_backgrounds/bg_tables.jpg" />
<element type="TEXT" subType="TITLE" compId="ID_s2_title"/>
<element type="ACTIVITY" subType="SYNTAX" compId="ID_s2_SC01" x="25" y="60" width="630" height="388" resetId="ID_sc_reset" showMeId="ID_sc_showme" showAllId="ID_sc_showall"/>
</slide>
	</slide>
</data>