<?xml version="1.0" encoding="iso-8859-1"?>
<data>
	<slide type="MBAR">
		<element type="IMAGE" x="0" y="0" width="680" height="490" src="../../../common/images/page_backgrounds/bg_topolgy_multislide.jpg" />
		<element type="IMAGE" x="0" y="0" width="680" height="490"  src="media_5.1.2.3.png" />
		<element type="TEXT" id="ID_static_1" text="F0/18" x="211" y="65" align="center" width="30" />
		<element type="TEXT" id="ID_static_2" text="F0/1" x="301" y="65" align="center" width="22" />
		<element type="TEXT" id="ID_static_3" text="F0/1" x="343" y="65" align="center" width="22" />	

			<slide>					
			<element type="TEXT" compId="ID_s1_table_html" x="40" y="120" width="600" height="300" />
			<element type="TEXT" subType="TITLE" compId="ID_s1_title"/>
			</slide>



<slide>
<element type="ROUTER" textId="ID_router_txt1" x="40" y="120" width="600" height="300" />
<text id="ID_router_txt1">
<![CDATA[<pre>S1# show controllers ethernet-controller fa 0/1 phy | include Auto-MDIX
Auto-MDIX     : On  [AdminState=1   Flags=0x00056248] 
S1#</pre>]]>
</text>
			<element type="TEXT" subType="TITLE" compId="ID_s2_title"/>
			</slide>

<slide>
<element type="ACTIVITY" subType="SYNTAX" compId="ID_s3_SC5" x="25" y="100" width="630" height="365" resetId="ID_sc_reset" showMeId="ID_sc_showme" showAllId="ID_sc_showall"/>
</slide>


</slide>
</data>