<textcomponents>
<!-- Slide 1-->
	<component id="ID_s1_title">
		<text><![CDATA[<b>Verifying Standard ACL Interfaces</b>]]></text>
	</component>
	<component id="ID_s1_txt01">
		<text><![CDATA[&lt;output omitted&gt;]]></text> 
	</component>
	<component id="ID_s1_txt02">
		<text><![CDATA[&lt;output omitted&gt;]]></text> 
	</component>
	<component id="ID_s1_txt03">
		<text><![CDATA[&lt;output omitted&gt;]]></text> 
	</component>
	<component id="ID_s1_txt04">
		<text><![CDATA[&lt;output omitted&gt;]]></text> 
	</component>

<!-- Slide 2-->
	<component id="ID_s2_title">
		<text><![CDATA[<b>Verifying Standard ACL Statements</b>]]></text>
	</component>
</textcomponents>