<textcomponents>

<component id="ID_s1_title">
<text><![CDATA[<b>Configure Switch Management Interface</b>]]></text>
</component>

<component id="ID_s1_table01">
<text><![CDATA[<table header='none' bordercolor='#FFFFFF' borderwidth='3' shadow='false' shadowcolor='#000000' 
glow='true' glowcolor='#808080' cellpadding='4'>
<tr>
<td colspan='2' bgcolor='#FFFFFF'><font size='15' color='#393536'><b>Cisco Switch IOS Commands</b></font></td>
</tr>
<tr class="mtable_top">
<td colspan='2' bgcolor='#4E4C4D' class="mtable_top"><font size='1' color='#4E4C4D'><span style="color:#98D3D1">.</span></font></td></tr>
<tr>
<td bgcolor='#F2F2F2'  width='230'>Enter global configuration mode.</td>
<td bgcolor='#E9E7E8'><font face="_typewriter" color="#000000">S1# <b>configure terminal</b></font></td>
</tr>
<tr>
<td bgcolor='#F2F2F2' valign="middle">Enter interface configuration mode for the SVI.</td>
<td bgcolor='#F2F2F2' valign="middle"><font face="_typewriter" color="#000000">S1(config)# <b>interface vlan 99</b></font></td>
</tr>
<tr>
<td bgcolor='#E9E7E8' valign="middle">Configure the management interface IP address.</td>
<td bgcolor='#E9E7E8' valign="middle"><font face="_typewriter" color="#000000">S1(config-if)# <b>ip address 172.17.99.11 255.255.255.0</b></font></td>
</tr>
<tr>
<td bgcolor='#F2F2F2' valign="middle">Enable the management interface.</td>
<td bgcolor='#F2F2F2' valign="middle"><font face="_typewriter" color="#000000">S1(config-if)# <b>no shutdown</b></font></td>
</tr>
<tr>
<td bgcolor='#E9E7E8' valign="middle">Return to the privileged EXEC mode.</td>
<td bgcolor='#E9E7E8' valign="middle"><font face="_typewriter" color="#000000">S1(config-if)# <b>end</b></font></td>
</tr>
<tr>
<td bgcolor='#F2F2F2' valign="middle">Save the running config to the startup config.</td>
<td bgcolor='#F2F2F2' valign="middle"><font face="_typewriter" color="#000000">S1# <b>copy running-config startup-config</b></font></td>
</tr>
</table>]]></text>
</component>

<component id="ID_s1_table01_html">
<text><![CDATA[<table header='none' bordercolor='#FFFFFF' borderwidth='3' shadow='false' shadowcolor='#000000' 
glow='true' glowcolor='#808080' cellpadding='4'>


<caption  class="mtable_title" colspan="2" bgcolor='#FFFFFF'>
               <font size="15"><b>Cisco Switch IOS Commands</b></font>
           </caption>


<tr class="mtable_top">
<td colspan='2' bgcolor='#4E4C4D' class="mtable_top"><font size='1' color='#4E4C4D'><span style="color:#98D3D1">.</span></font></td></tr>
<tr>
<td bgcolor='#F2F2F2'  width='230'>Enter global configuration mode.</td>
<td bgcolor='#E9E7E8'><font face="_typewriter" color="#000000">S1# <b>configure terminal</b></font></td>
</tr>
<tr>
<td bgcolor='#F2F2F2' valign="middle">Enter interface configuration mode for the SVI.</td>
<td bgcolor='#F2F2F2' valign="middle"><font face="_typewriter" color="#000000">S1(config)# <b>interface vlan 99</b></font></td>
</tr>
<tr>
<td bgcolor='#E9E7E8' valign="middle">Configure the management interface IP address.</td>
<td bgcolor='#E9E7E8' valign="middle"><font face="_typewriter" color="#000000">S1(config-if)# <b>ip address 172.17.99.11 255.255.255.0</b></font></td>
</tr>
<tr>
<td bgcolor='#F2F2F2' valign="middle">Enable the management interface.</td>
<td bgcolor='#F2F2F2' valign="middle"><font face="_typewriter" color="#000000">S1(config-if)# <b>no shutdown</b></font></td>
</tr>
<tr>
<td bgcolor='#E9E7E8' valign="middle">Return to the privileged EXEC mode.</td>
<td bgcolor='#E9E7E8' valign="middle"><font face="_typewriter" color="#000000">S1(config-if)# <b>end</b></font></td>
</tr>
<tr>
<td bgcolor='#F2F2F2' valign="middle">Save the running config to the startup config.</td>
<td bgcolor='#F2F2F2' valign="middle"><font face="_typewriter" color="#000000">S1# <b>copy running-config startup-config</b></font></td>
</tr>
</table>]]></text>
</component>


<component id="ID_s2_title">
<text><![CDATA[<b>Configure Switch Default Gateway</b>]]></text>
</component>

<component id="ID_s2_table01">
<text><![CDATA[<table header='none' bordercolor='#FFFFFF' borderwidth='3' shadow='false' shadowcolor='#000000' 
glow='true' glowcolor='#808080' cellpadding='4'>
<tr>
<td colspan='2' bgcolor='#FFFFFF' class="title"><font size='12' color='#393536'><b>Cisco Switch IOS Commands</b></font></td>
</tr>
<tr class="mtable_top">
<td colspan='2' bgcolor='#4E4C4D'><font size='2' color='#4E4C4D'>.</font></td>
</tr>
<tr>
<td bgcolor='#E9E7E8' valign="middle" width='230'>Enter global configuration mode.</td>
<td bgcolor='#E9E7E8' valign="middle"><font face="_typewriter" color="#000000">S1# <b>configure terminal</b></font></td>
</tr>
<tr>
<td bgcolor='#F2F2F2' valign="middle">Configure the default gateway for the switch.</td>
<td bgcolor='#F2F2F2' valign="middle"><font face="_typewriter" color="#000000">S1(config)# <b>ip default-gateway 172.17.99.1</b></font></td>
</tr>
<tr>
<td bgcolor='#E9E7E8' valign="middle">Return to the privileged EXEC mode.</td>
<td bgcolor='#E9E7E8' valign="middle"><font face="_typewriter" color="#000000">S1(config)# <b>end</b></font></td>
</tr>
<tr>
<td bgcolor='#F2F2F2' valign="middle">Save the running config to the startup config.</td>
<td bgcolor='#F2F2F2' valign="middle"><font face="_typewriter" color="#000000">S1# <b>copy running-config startup-config</b></font></td>
</tr>
</table>]]></text>
</component>


<component id="ID_s2_table01_html">
<text><![CDATA[<table header='none' bordercolor='#FFFFFF' borderwidth='3' shadow='false' shadowcolor='#000000' 
glow='true' glowcolor='#808080' cellpadding='4'>

<caption  class="mtable_title" colspan="2" bgcolor='#FFFFFF'>
               <font size="12"><b>Cisco Switch IOS Commands</b></font>
           </caption>

<tr class="mtable_top">
<td colspan='2' bgcolor='#4E4C4D'><font size='2' color='#4E4C4D'>.</font></td>
</tr>
<tr>
<td bgcolor='#E9E7E8' valign="middle" width='230'>Enter global configuration mode.</td>
<td bgcolor='#E9E7E8' valign="middle"><font face="_typewriter" color="#000000">S1# <b>configure terminal</b></font></td>
</tr>
<tr>
<td bgcolor='#F2F2F2' valign="middle">Configure the default gateway for the switch.</td>
<td bgcolor='#F2F2F2' valign="middle"><font face="_typewriter" color="#000000">S1(config)# <b>ip default-gateway 172.17.99.1</b></font></td>
</tr>
<tr>
<td bgcolor='#E9E7E8' valign="middle">Return to the privileged EXEC mode.</td>
<td bgcolor='#E9E7E8' valign="middle"><font face="_typewriter" color="#000000">S1(config)# <b>end</b></font></td>
</tr>
<tr>
<td bgcolor='#F2F2F2' valign="middle">Save the running config to the startup config.</td>
<td bgcolor='#F2F2F2' valign="middle"><font face="_typewriter" color="#000000">S1# <b>copy running-config startup-config</b></font></td>
</tr>
</table>]]></text>
</component>

<component id="ID_s2_bubble01">
<text><![CDATA[Default Gateway]]></text>
</component>

<component id="ID_s3_title">
<text><![CDATA[<b>Verify Switch Management Interface Configuration</b>]]></text>
</component>

<component id="ID_s3_txt01">
<text><![CDATA[&lt;output omitted&gt;]]></text>
</component>

</textcomponents>