<?xml version="1.0" encoding="iso-8859-1"?>
<data>
	<slide type="MBAR">
		<slide>
<element type="IMAGE" x="0" y="0" width="680" height="490" src="../../../common/images/page_backgrounds/bg_tables.jpg" />
<element type="TEXT" compId="ID_s1_table01_html" subType="TABLE" x="40" y="60" width="598" height="198" />
<element type="TEXT" subType="TITLE" compId="ID_s1_title" color="#ffffff"/>
</slide>



<slide>
<element type="IMAGE" x="0" y="0" width="680" height="490" src="../../../common/images/page_backgrounds/bg_topolgy_multislide.jpg" />
<element type="IMAGE" x="0" y="0" width="680" height="490" src="media_5.1.1.5.png" />
<element type="TEXT" id="ID_static_1" text="172.17.99.1" x="403" y="355" align="center" width="60" />
<element type="TEXT" compId="ID_s2_table01_html" subType="TABLE"  x="40" y="60" width="600" height="200" />
<element type="TEXT" compId="ID_s2_bubble01" x="409" y="280" width="105" expand="left" align="center" class="orangeCallOut" />
<element type="TEXT" subType="TITLE" compId="ID_s2_title"/>
</slide>

<slide>
<element type="IMAGE" x="0" y="0" width="680" height="490" src="../../../common/images/page_backgrounds/bg_topolgy_multislide.jpg" />
<element type="IMAGE" x="0" y="0" width="680" height="490" src="media_5.1.1.5A.png" />
<element type="TEXT" id="ID_static_2" text="172.17.99.1" x="406" y="356" align="center" width="60" />
<element type="ROUTER" textId="ID_router_txt1" x="40" y="60" width="600" height="200" />
<text id="ID_router_txt1">
<![CDATA[<pre>S1# show ip interface brief

Interface     IP-Address      OK?    Method Status       Protocol
Vlan99        172.17.99.11    YES    manual up           down </pre>]]></text>
<element type="TEXT" compId="ID_s3_txt01" x="50" y="141" width="105" expand="right" align="left" color="#ffffff" />
<element type="TEXT" subType="TITLE" compId="ID_s3_title"/>
</slide>
</slide>
</data>