<?xml version="1.0" encoding="iso-8859-1"?>
<data>
	<slide type="MBAR">
		<slide>
		<element type="IMAGE" x="0" y="0" width="680" height="490" src="../../../common/images/page_backgrounds/bg_photo.jpg" />
		<element type="TEXTBOX" titleId="ID_Body_title01" bodyId="ID_Body_txt01" x="75" y="330" width="530" height="139"  />
		<element type="IMAGE" x="195" y="50" width="290" height="255" subType="STD" src="media_5.2.2.2.jpg" />
		<element type="TEXT" subType="TITLE" compId="ID_s1_title" color="#FFFFFF" />
		</slide>

		<slide>
		<element type="IMAGE" x="0" y="0" width="680" height="490" src="../../../common/images/page_backgrounds/bg_tables.jpg" />
		<element type="TEXT" subType="TITLE" compId="ID_s2_title"  color="#FFFFFF" />
		<element type="TEXTBOX" titleId="" bodyId="ID_Body_txt02" x="75" y="130" width="530" height="140" />
		</slide>
	</slide> 
</data>