<textcomponents>

<!-- Slide 1-->
	<component id="ID_s1_title">
		<text><![CDATA[<b>Sequencing Considerations During Configuration</b>]]></text>
	</component>
	<component id="ID_s1_txt01">
		<text><![CDATA[Range (network) statements]]></text> 
	</component>
	<component id="ID_s1_txt02">
		<text><![CDATA[Host statements]]></text> 
	</component>

<!-- Slide 2-->
	<component id="ID_s2_title">
		<text><![CDATA[<b>Sequence Numbers After Reload</b>]]></text>
	</component>
	<component id="ID_s2_txt01">
		<text><![CDATA[Host statements are listed first, in an order to be efficiently processed by the IOS.]]></text> 
	</component>
	<component id="ID_s2_txt02">
		<text><![CDATA[Range statements are listed after host statements, in the order they were entered.]]></text> 
	</component>
</textcomponents>