<?xml version="1.0" encoding="iso-8859-1"?>
<data>
	<slide>
	<element type="IMAGE" x="0" y="0" width="680" height="490" src="../../../common/images/page_backgrounds/bg_topolgy_multislide.jpg" />
	<element type="IMAGE" x="0" y="0" width="680" height="490"  src="5_1_2_1.png" />
<element type="TEXT" compId="ID_txt01" x="113" y="90" width="456" expand="left+right" align="center" size="13" />
<element type="TEXT" compId="ID_txt03" x="113" y="271" width="456" expand="left+right" align="center" size="13" />
<element type="TEXT" compId="ID_txt02" x="254" y="167" width="187" expand="down" align="center" />
<element type="TEXT" compId="ID_txt04" x="250" y="336" width="195" expand="down" align="center" />
	</slide>
</data>