<textcomponents>
<component id="ID_s1_title">
	<text><![CDATA[<b>Inbound and Outbound ACLs</b>]]></text>
</component>

<component id="ID_s1_txt01">
	<text><![CDATA[<b>Inbound ACL</b>]]></text>
</component>

<component id="ID_s1_txt02">
  <text><![CDATA[<b>Outbound ACL</b>]]></text> 
</component>
  
<component id="ID_s1_txt03">
  <text><![CDATA[An inbound ACL filters packets coming into a specific interface and before they are routed to the outbound interface.]]></text> 
</component>
  
<component id="ID_s1_txt04">
  <text><![CDATA[An outbound ACL filters packets after being routed, regardless of the inbound interface.]]></text> 
</component>
</textcomponents>