<?xml version="1.0" encoding="iso-8859-1"?>
<data>
    <slide>
        <element type="IMAGE" x="0" y="0" width="680" height="490" src="../../../common/images/page_backgrounds/bg_topolgy_multislide.jpg" />
        <element type="IMAGE" x="0" y="0" width="680" height="490" src="media_7.1.1.3.png" />
        <element type="TEXT" subType="TITLE" compId="ID_s1_title" />
        <element type="TEXT" compId="ID_s1_txt01" x="93" y="177" width="177" expand="up" align="center" color="#9f5824" />
        <element type="TEXT" compId="ID_s1_txt03" x="93" y="204" width="177" expand="down" align="left" />
        <element type="TEXT" compId="ID_s1_txt02" x="396" y="177" width="177" expand="up" align="center" color="#9f5824" />
        <element type="TEXT" compId="ID_s1_txt04" x="396" y="204" width="177" expand="down" align="left" />
    </slide>
</data>