<?xml version="1.0" encoding="utf-8"?>
<data>
	<slide>
		<element type="IMAGE" x="0" y="0" width="680" height="490" src="../../../common/images/page_backgrounds/bg_topolgy_multislide.jpg" />
		<element type="IMAGE" x="0" y="0" width="680" height="490"  src="media_5.1.1.4.png" />
<element type="TEXTBOX"  bodyId="ID_Body_txt01" x="120" y="350" width="428" height="104" animated="0" subType="ROLLOVER" />
<element type="TEXT" id="ID_static_1" text="172.17.99.1" x="390" y="262" align="center" width="60" />
<element type="TEXT" compId="ID_txt01" x="189" y="198" width="101" expand="right" align="center" class="orangeCallOut" />
<element type="TEXT" subType="TITLE" compId="ID_title"/>
	</slide>
</data>