<?xml version="1.0" encoding="iso-8859-1"?>
<data>
	<slide type="MBAR">
		
	<element type="IMAGE" x="0" y="0" width="680" height="490" src="../../../common/images/page_backgrounds/bg_topolgy_multislide.jpg" />
	<element type="TEXT" compId="ID_s1_txt01" x="393" y="115" width="138.85" expand="up+down" align="center" />
<element type="TEXT" id="ID_static_1" text="S0/0/0" x="326.4" y="78.45" align="center" width="35.85" />
<element type="TEXT" id="ID_static_2" text="G0/1" x="350" y="125.65" align="center" width="23.85" />
<element type="TEXT" id="ID_static_3" text="G0/0" x="262" y="125.65" align="center" width="25.65" />
<element type="TEXT" id="ID_static_4" text="192.168.10.0/24" x="147.5" y="156.4" align="center" bold="1" width="85.55" />
<element type="TEXT" id="ID_static_5" text="192.168.11.0/24" x="370.25" y="156.4" align="center" bold="1" width="85.55" />
<element type="TEXT" id="ID_static_6" text="192.168.10.10/24" x="115.65" y="274.6" align="center" bold="1" width="92.15" />
<element type="TEXT" id="ID_static_7" text="192.168.11.10/24" x="390.8" y="274.6" align="center" bold="1" width="92.15" />
<slide>
	<element type="IMAGE" x="0" y="0" width="680" height="490" src="7_2_1_3_A.png" />
<element type="ROUTER" textId="ID_router_txt1" x="40" y="345" width="600" height="108" />
<element type="TEXT" subType="TITLE" compId="ID_s1_title"/>
</slide>



<slide>
<element type="IMAGE" x="0" y="0" width="680" height="490" src="7_2_1_3_B.png" />
<element type="ROUTER" textId="ID_router_txt2" x="40" y="345" width="600" height="108" />
<element type="TEXT" subType="TITLE" compId="ID_s2_title"/>
</slide>

</slide>
<text id="ID_router_txt1"><![CDATA[<pre>R1(config)<b># no access-list 1</b>
R1(config)<b># access-list 1 deny host 192.168.10.10</b>
R1(config)<b># access-list 1 permit 192.168.10.0 0.0.0.255</b>
R1(config)<b># interface s0/0/0</b>
R1(config-if)<b># ip access-group 1 out</b></pre>]]>
</text>
<text id="ID_router_txt2"><![CDATA[<pre>R1(config)<b># no access-list 1</b>
R1(config)<b># access-list 1 deny host 192.168.10.10</b>
R1(config)<b># access-list 1 permit any</b>
R1(config)<b># interface g0/0</b>
R1(config-if)<b># ip access-group 1 in</b></pre>]]>
</text>

</data>