<textcomponents>

<component id="ID_s1_title">
<text><![CDATA[<b>Wildcard Masking</b>]]></text>
</component>

<component id="ID_s1_txt_01">
<text><![CDATA[<b>Octet Bit Position and Address Value for Bit<b>]]></text>
</component>

<component id="ID_s1_txt_02">
<text><![CDATA[<b>Examples</b>]]></text> 
</component>

<component id="ID_s1_txt_03">
<text><![CDATA[Match All Address Bits (Match All)]]></text> 
</component>

<component id="ID_s1_txt_04">
<text><![CDATA[Ignore Last 6 Address Bits]]></text>
</component>

<component id="ID_s1_txt_05">
<text><![CDATA[Ignore Last 4 Address Bits]]></text> 
</component>

<component id="ID_s1_txt_06">
<text><![CDATA[Ignore First 6 Address Bits]]></text> 
</component>

<component id="ID_s1_txt_07">
<text><![CDATA[Ignore All Bits in Octet]]></text> 
</component>

<component id="ID_s1_txt_08">
<text><![CDATA[0 means to match the value of the corresponding address bit<br/>1 means to ignore the value of the corresponding address bit]]></text>
</component>



<!-- slide 2 -->

<component id="ID_Table_01">
<text><![CDATA[<table header='none' bordercolor='#FFFFFF' borderwidth='3' shadow='false' shadowcolor='#000000' glow='true' glowcolor='#808080' cellpadding='4' class="mtable">

	<tr class="mtable_top">
			<td colspan='3' bgcolor='#4E4C4D'><font size='1' color='#4E4C4D'>.</font></td>
		</tr>
	
	<tr class="mtitle">
		<td bgcolor='#666263'  valign="top" width="190"><font color='#ffffff' size="10"></font></td>
		<td bgcolor='#666263'  valign="top" width="140"><font color='#ffffff' size="10"><b>Decimal Address</b></font></td>
		<td bgcolor='#666263'   valign="top" ><font color='#ffffff' size="10"><b>Binary Address</b></font></td>
	</tr>
	
	<tr>
		<td bgcolor='#E9E7E8'  valign='top' > <font color="#393536">IP Address to be Processed</font></td>
		<td bgcolor='#E9E7E8'  valign='top' > <font color="#393536">192.168.10.0</font></td>
		<td bgcolor='#E9E7E8'  valign='top' > <font color="#393536">11000000.10101000.00001010.00000000</font></td>
	</tr>

	<tr>
		<td bgcolor='#F2F2F2'  valign='top' > <font color="#393536">Wildcard Mask</font></td>
		<td bgcolor='#F2F2F2'  valign='top' > <font color="#393536">0.0.255.255</font></td>
		<td bgcolor='#F2F2F2'  valign='top' > <font color="#393536">00000000.00000000.11111111.11111111</font></td>
	</tr>
	
	<tr>
		<td bgcolor='#E9E7E8'  valign='top' > <font color="#393536">Resulting IP Address</font></td>
		<td bgcolor='#E9E7E8'  valign='top' > <font color="#393536">192.168.0.0</font></td>
		<td bgcolor='#E9E7E8'  valign='top' > <font color="#393536">11000000.10101000.00000000.00000000</font></td>
	</tr>
</table>]]></text> 
</component>

<component id="ID_Table_01_html">
<text><![CDATA[<table header='none' bordercolor='#FFFFFF' borderwidth='3' shadow='false' shadowcolor='#000000' glow='true' glowcolor='#808080' cellpadding='4' class="mtable">
	<caption class="mtable_title" colspan="3" bgcolor='#FFFFFF'><font size="16"></font></caption>
	<tr class="mtable_top">
			<td colspan='3' bgcolor='#4E4C4D'><font size='1' color='#4E4C4D'>.</font></td>
		</tr>
	
	
	<tr class="mtitle">
		<th scope="col" bgcolor='#666263'  valign="top" width="190"><font color='#ffffff' size="14"></font></th>
		<th scope="col" bgcolor='#666263'  valign="top" width="140"><font color='#ffffff' size="14"><b>Decimal Address</b></font></th>
		<th scope="col" bgcolor='#666263'   valign="top" ><font color='#ffffff' size="14"><b>Binary Address</b></font></th>
	</tr>
	
	
	<tr>
		<td bgcolor='#E9E7E8'  valign='top' > <font color="#393536">IP Address to be Processed</font></td>
		<td bgcolor='#E9E7E8'  valign='top' > <font color="#393536">192.168.10.0</font></td>
		<td bgcolor='#E9E7E8'  valign='top' > <font color="#393536">11000000.10101000.00001010.00000000</font></td>
	</tr>

	<tr>
		<td bgcolor='#F2F2F2'  valign='top' > <font color="#393536">Wildcard Mask</font></td>
		<td bgcolor='#F2F2F2'  valign='top' > <font color="#393536">0.0.255.255</font></td>
		<td bgcolor='#F2F2F2'  valign='top' > <font color="#393536">00000000.00000000.11111111.11111111</font></td>
	</tr>
	
	<tr>
		<td bgcolor='#E9E7E8'  valign='top' > <font color="#393536">Resulting IP Address</font></td>
		<td bgcolor='#E9E7E8'  valign='top' > <font color="#393536">192.168.0.0</font></td>
		<td bgcolor='#E9E7E8'  valign='top' > <font color="#393536">11000000.10101000.00000000.00000000</font></td>
	</tr>
</table>]]></text> 
</component>


</textcomponents>