<?xml version="1.0" encoding="iso-8859-1"?>
<data>
<slide type="MBAR">
	<element type="IMAGE" x="0" y="0" width="680" height="490" src="../../../common/images/page_backgrounds/bg_topolgy_multislide.jpg" />
<element type="IMAGE" x="0" y="0" width="680" height="490"  src="5_2_1_3_A.png"/>
	
<element type="TEXT" id="ID_static_1" text="172.17.99.11" x="416" y="58" align="center" width="67" />
<element type="TEXT" id="ID_static_2" text="172.17.99.21" x="247" y="75" align="center" width="67" />
<slide>
<element type="IMAGE" x="169" y="137.55" width="342.05" height="328.55" subType="STD" src="media_5_2_1_3.jpg" />
<element type="TEXT" subType="TITLE" compId="ID_s1_title"/>
</slide>



<slide>
	
<element type="IMAGE" x="0" y="0" width="680" height="490" src="5_2_1_3_B.png" />

<element type="TEXT" textId="ID_router_txt1" x="136" y="182" width="187" height="119.55" />
<text id="ID_router_txt1"><![CDATA[<pre> Login as: admin
 Using keyboard-interactive
 authentication.
 Password:

 S1>enable
 Password:
 S1#</pre>]]></text>
<element type="TEXT" id="ID_static_3" text="172.17.99.11 - PuTTY" x="93" y="160" align="center" width="204" />
<element type="TEXT" subType="TITLE" compId="ID_s2_title"/>
</slide>



<slide>
<!-- <element type="IMAGE" x="0" y="0" width="680" height="490"  src="5_2_1_3_C.png" /> -->
<element type="IMAGE" x="0" y="0" width="680" height="490"  src="5_2_1_3_D.png" />

<element type="ROUTER" textId="ID_router_txt2" x="37" y="175" width="600" height="238"/>
<text id="ID_router_txt2">
<![CDATA[<pre>
S1# <b>show ip ssh</b>
SSH Enabled - version 2.0
Authentication timeout: 90 secs; Authentication retries: 2
Minimum expected Diffie Hellman key size : 1024 bits
IOS Keys in SECSH format(ssh-rsa, base64 encoded):
ssh-rsa AAAAB3NzaC1yc2EAAAADAQABAAAAgQCdLksVz2QlREsoZt2f2scJHbW3aMDM8 /8jg/srGFNL
i+f+qJWwxt26BWmy694+6ZIQ/j7wUfIVNlQhI8GUOVIuKNqVMOMtLg8Ud4qAiLbGJfAaP3fyrKmViPpO
eOZof6tnKgKKvJz18Mz22XAf2u/7Jq2JnEFXycGMO88OUJQL3Q==

S1# <b>show ssh</b>
Connection Version  Mode Encryption  Hmac      State           Username 
0          2.0      IN   aes256-cbc  hmac-sha1 Session started admin 
0          2.0      OUT  aes256-cbc  hmac-sha1 Session started admin 
%No SSHv1 server connections running.
S1#
</pre>]]></text>


<element type="TEXT" subType="TITLE" compId="ID_s3_title"/>
</slide>
</slide>
</data>