<?xml version="1.0" encoding="iso-8859-1"?>
<data>
<slide type="MBAR">
	<slide>
<element type="IMAGE" x="0" y="0" width="680" height="490" src="../../../common/images/page_backgrounds/bg_topolgy_multislide.jpg" />
<element type="IMAGE" src="media_5.2.1.2.png" width="680" height="490" x="0" y="0" />
<element type="TEXT" subType="TITLE" compId="ID_s1_title"/>
<element type="TEXT" id="ID_static_1" text="172.17.99.11" x="210" y="83" align="center" width="67" />
<element type="TEXT" id="ID_static_2" text="172.17.99.21" x="352" y="101" align="center" width="67" />
<element type="ROUTER" textId="ID_router_txt1" x="48.5" y="200" width="600" height="245" />
<text id="ID_router_txt1">
	<![CDATA[<pre>
S1# <b>configure terminal</b>
S1(config)# <b>ip domain-name cisco.com</b> 
S1(config)# <b>crypto key generate rsa</b>
The name for the keys will be: S1.cisco.com 
...
How many bits in the modulus [512]: 1024
...
S1(config)# <b>username admin secret ccna</b>
S1(config-line)# <b>line vty 0 15</b>
S1(config-line)# <b>transport input ssh</b>
S1(config-line)# <b>login local</b>
S1(config-line)# <b>exit</b>
S1(config)# <b>ip ssh version 2</b>
S1(config)# <b>exit</b> 
S1#
</pre>]]></text>
</slide>
<slide>
			<element type="TEXT" subType="TITLE" compId="ID_s2_title"/>
			<element type="IMAGE" x="0" y="0" width="680" height="490" src="../../../common/images/page_backgrounds/bg_tables.jpg" />
 			<element type="ACTIVITY" subType="SYNTAX" compId="ID_SC5" x="25" y="55" width="630" height="388" resetId="ID_sc_reset" showMeId="ID_sc_showme" showAllId="ID_sc_showall"/>
			
		</slide>	
	
</slide>
	
	
	
	
	
</data>