<?xml version="1.0" encoding="iso-8859-1"?>
<data>
    <slide type="MBAR">
        <slide>
            <element type="IMAGE" x="0" y="0" width="680" height="490" src="../../../common/images/page_backgrounds/bg_tables.jpg" />
            <element type="IMAGE" x="0" y="0" width="680" height="490" src="media_7.2.1.4S1.png" />
            <element type="TEXT" subType="TITLE" compId="ID_s1_title" color="#ffffff" />
            <element type="TEXT" textId="ID_router_txt3" x="45.45" y="96.9" align="left" width="403" />
            <element type="TEXT" compId="ID_txt01" x="41" y="130" width="595" expand="down" align="left" />
            <element type="TEXT" textId="ID_router_txt1" x="45.45" y="216.9" align="left" width="616.6" />
            <element type="TEXT" textId="ID_router_txt2" x="45.45" y="337.9" align="left" width="403" />
            <element type="TEXT" compId="ID_txt02" x="40" y="371" width="595" expand="down" align="left" />
        </slide>
        <slide>
            <element type="IMAGE" x="0" y="0" width="680" height="490" src="../../../common/images/page_backgrounds/bg_topolgy_multislide.jpg" />
            <element type="IMAGE" x="0" y="-20" width="680" height="490" src="media_7.2.1.4S2.png" />
            <element type="TEXT" subType="TITLE" compId="ID_s2_title" />
            <element type="TEXT" id="ID_static_1" text="S0/0/0" x="334.4" y="48.45" align="center" width="35.85" />
            <element type="TEXT" id="ID_static_3" text="G0/0" x="286" y="95.65" align="center" width="25.65" />
            <element type="TEXT" id="ID_static_8" text="R1" x="331.15" y="89.25" align="center" width="16.8" color="#ffffff" size="10" bold="1" />
            <element type="TEXT" compId="ID_s1_txt01" x="393" y="85" width="138.85" expand="up+down" align="center" />
            <element type="TEXT" id="ID_static_9" text="S1" x="247.75" y="169" align="center" width="16.9" color="#ffffff" size="10" bold="1" />
            <element type="TEXT" id="ID_static_6" text="192.168.10.10/24" bold="1" x="120.65" y="244.6" align="center" width="92.15" />
            <element type="TEXT" id="ID_static_11" text="PC1" x="241.4" y="244.35" align="center" width="24.2" color="#ffffff" size="10" bold="1" />
            <element type="TEXT" compId="ID_s2_txt01" x="393" y="85" width="138.85" expand="up+down" align="center" />
            <element type="TEXT" id="ID_static_2" text="G0/1" x="370" y="95.65" align="center" width="23.85" />
            <element type="TEXT" id="ID_static_5" text="192.168.11.0/24" x="396.25" bold="1" y="130.4" align="center" width="85.55" />
            <element type="TEXT" id="ID_static_10" text="S2" x="395.75" y="168.95" align="center" width="16.9" color="#ffffff" size="10" bold="1" />
            <element type="TEXT" id="ID_static_7" text="192.168.11.10/24" bold="1" x="430.8" y="244.6" align="center" width="92.15" />
            <element type="TEXT" id="ID_static_12" text="PC2" x="393.4" y="244.35" align="center" width="24.2" color="#ffffff" size="10" bold="1" />
            <element type="ROUTER" textId="ID_router_txt4" x="40" y="305" width="600" height="150" />
        </slide>
    </slide>
    <text id="ID_router_txt1">
        <![CDATA[<pre>Router(config-std-nacl)<b># [permit | deny | remark]</b> {source [source-wildcard]}[<b>log</b>]</pre>]]>
    </text>
    <text id="ID_router_txt2">
        <![CDATA[<pre>Router(config-if)<b># ip access-group</b> name [<b>in | out</b>]</pre>]]></text>
    <text id="ID_router_txt3">
        <![CDATA[<pre>Router(config)<b># ip access-list<b> [<b>standard | extended</b>] name</pre>]]></text>
    <text id="ID_router_txt4">
        <![CDATA[<pre>R1(config)<b># ip access-list standard NO_ACCESS</b>
R1(config-std-nacl)<b># deny host 192.168.11.10</b>
R1(config-std-nacl)<b># permit any</b>
R1(config-std-nacl)<b># exit</b>
R1(config)<b># interface g0/0</b>
R1(config-if)<b># ip access-group NO_ACCESS out</b></pre>]]>
    </text>
</data>