<textcomponents>

	<component id="ID_s1_title">
		<text><![CDATA[<b>Named ACL Example</b>]]></text>
	</component>
		<component id="ID_s2_title">
		<text><![CDATA[<b>Named ACL Example</b>]]></text>
	</component>
	
	<component id="ID_txt01">
		<text><![CDATA[Alphanumeric name string must be unique and cannot begin with a number.]]></text>
	</component>
	
	<component id="ID_txt02">
 	    <text><![CDATA[Activates the named IP ACL on an inteface.]]></text> 
  </component>
  
 
	<component id="ID_s2_txt01">
 	    <text><![CDATA[<b>Company A</b>]]></text> 
  </component>

</textcomponents>