﻿<?xml version="1.0" encoding="utf-8"?>
<data>
	<slide type="MBAR">
			<element type="IMAGE" x="0" y="0" width="680" height="490" src="../../../common/images/page_backgrounds/bg_tables.jpg" />
<slide>
<element type="ROUTER" textId="ID_router_txt1" x="40" y="100" width="600" height="208" />
<text id="ID_router_txt1"><![CDATA[<pre><b>S1# show port-security interface fastethernet 0/18</b>
Port Security          	    : Enabled
Port Status            	    : Secure-up
Violation Mode              : Shutdown
Aging Time                  : 0 mins
Aging Type                  : Absolute
SecureStatic Address Aging  : Disabled
<span class="static">Maximum MAC Addresses       : 1</span>
Total MAC Addresses         : 1
Configured MAC Addresses    : 0
Sticky MAC Addresses        : 0
Last Source Address:Vlan    : 0025.83e6.4b01:1
Security Violation Count    : 0</pre>]]>
	</text>
<element type="TEXT" subType="TITLE" compId="ID_s1_title"/>
</slide>



<slide>
<element type="ROUTER" textId="ID_router_txt2" x="40" y="100" width="600" height="208" />
<text id="ID_router_txt2"><![CDATA[<pre><b>S1# show port-security interface fastethernet 0/19</b>
Port Security               : Enabled
Port Status                 : Secure-up
Violation Mode              : Shutdown
Aging Time                  : 0 mins
Aging Type                  : Absolute
SecureStatic Address Aging  : Disabled
<span class="static">Maximum MAC Addresses       : 10</span>
Total MAC Addresses         : 1
Configured MAC Addresses    : 0
<span class="static">Sticky MAC Addresses        : 1</span>
Last Source Address:Vlan    : 0025.83e6.4b02:1
Security Violation Count    : 0
</pre>]]>
</text>
<element type="TEXT" subType="TITLE" compId="ID_s2_title"/>
</slide>



<slide>
<element type="ROUTER" textId="ID_router_txt3" x="40" y="100" width="600" height="208" />
<text id="ID_router_txt3"><![CDATA[<pre><b>S1# show run | begin FastEthernet 0/19</b>
interface FastEthernet0/19
switchport mode access
switchport port-security maximum 10
switchport port-security
switchport port-security mac-address sticky
<span class="static">switchport port-security mac-address sticky 0025.83e6.4b02</span>
	  </pre>]]>
	</text>
<element type="TEXT" subType="TITLE" compId="ID_s3_title"/>
</slide>



<slide>
<element type="ROUTER" textId="ID_router_txt4" x="40" y="100" width="600" height="208" />
<text id="ID_router_txt4"><![CDATA[<pre><b>S1# show port-security address</b>
Secure Mac Address Table 
-------------------------------------------------------------- 
Vlan   Mac Address      Type           Ports     Remaining Age 
	                                                (mins) 
----   -----------      ----           -----     ------------- 
1      0025.83e6.4b01   SecureDynamic  Fa0/18          - 
1      0025.83e6.4b02   SecureSticky   Fa0/19          -
--------------------------------------------------------------
</pre>]]>
	</text>
<element type="TEXT" subType="TITLE" compId="ID_s4_title"/>
</slide>
	</slide>
</data>